judgment,bucket,blip_max,blip_argmax_frame,surface,type,malformed,video_id,frame_grid_path,summary_text,entity_id,summary_id
,very_low,0.019,6,ground beef,ingredient,False,XAHNVoKV1Bc,outputs/annotation/frames/youcook2/XAHNVoKV1Bc.png," meat meatballs by combining bread crumbs in a mixture with tomato oil, olive oil, sugar, salt, spices, and ground beef. Top with spaghetti sauce, add basil, basil, and basil.",dacmf_blip_00045__e8,dacmf_blip_00045
,low,0.0883,13,yellow pepper,ingredient,False,lC8B_Yx6Qzg,outputs/annotation/frames/youcook2/lC8B_Yx6Qzg.png,"are a flavorful cucumber soup by combining diced cucumber, yellow pepper, green onion, parsley, olive oil, garlic, pepper, and sumac. Toss in a mixed vegetable chips, toss with wheat chips, garlic chi",dacmf_blip_00388__e3,dacmf_blip_00388
,very_high,0.5577,11,pot,tool,False,_ilIn1kmNSA,outputs/annotation/frames/youcook2/_ilIn1kmNSA.png," a hearty soup by sautéing onion, garlic flakes, parsley flakes, and hot pepper flakes in a pot, then simmer with wine and flour.",dacmf_blip_00428__e8,dacmf_blip_00428
,mid,0.1568,14,tomato sauce,ingredient,False,LpBsoQ6TAL0,outputs/annotation/frames/youcook2/LpBsoQ6TAL0.png,"end tomato sauce with tomato paste, garlic, black pepper, red pepper flakes, vodka, and vodka. Combine with pasta, mix with cheese and parsley.",dacmf_blip_00318__e1,dacmf_blip_00318
,very_high,0.9092,7,clams,ingredient,False,-GlSSp5ZOCQ,outputs/annotation/frames/youcook2/-GlSSp5ZOCQ.png,"oil clam chowder with clams, bacon, and bacon, boil in a pot, then add clam juice, cut potato, cayenne.",dacmf_blip_00188__e2,dacmf_blip_00188
,high,0.3924,11,lime sauce,ingredient,False,mV3m2svj3XE,outputs/annotation/frames/youcook2/mV3m2svj3XE.png,"are a shrimp-fry shrimp with shrimp, chilis, and lime sauce in a wok. Cook rice with garlic, onion, green onion, oyster sauce, and sugar.",dacmf_blip_00209__e3,dacmf_blip_00209
,very_low,0.0495,0,cayenne pepper,ingredient,False,TF1iWaX2-DM,outputs/annotation/frames/youcook2/TF1iWaX2-DM.png,"are a batter rings by mixing egg, oil, cayenne pepper, beer, cornmeal, and flour. Coat onions in batter and fry in hot oil.",dacmf_blip_00399__e4,dacmf_blip_00399
,low,0.0779,11,honey,ingredient,False,tGaAAI3aAUs,outputs/annotation/frames/youcook2/tGaAAI3aAUs.png," seasoned beef beef with vegetables, onions, pase, spices, tomato paste, and tomato paste. Season with ketchup, honey, and sauce before serving with sour cream.",dacmf_blip_00031__e8,dacmf_blip_00031
,low,0.0952,11,shepherd,ingredient,True,9GX8f5EwwE4,outputs/annotation/frames/youcook2/9GX8f5EwwE4.png,"are a hearty shepherd and mash potatoes with beef puree, then combine with mashed potatoes, Worcestershire sauce, beef sauce, and bake in the oven.",dacmf_blip_00278__e1,dacmf_blip_00278
,low,0.0786,0,oil,ingredient,False,OF-Zh5FrxGc,outputs/annotation/frames/youcook2/OF-Zh5FrxGc.png,"are pancetta pancetta with pancley, oil, and parsley in a pan. Combine with pasta sauce, top with cheese, parsley, and cheese.",dacmf_blip_00432__e3,dacmf_blip_00432
,very_high,0.9982,1,pierogies,ingredient,False,1Ihxcua2HBc,outputs/annotation/frames/youcook2/1Ihxcua2HBc.png," pierogies by combining grated cheese, bacon, garlic, milk, and eggs with a mixture of flour, shape with potato mixture, and boil, boil, serve.",dacmf_blip_00225__e1,dacmf_blip_00225
,very_low,0.0289,11,oil miso soup,action,False,4apR0YypAGc,outputs/annotation/frames/youcook2/4apR0YypAGc.png,"oil miso soup with miso paste, soy sauce, and mushrooms in water. Add ingredients, udon noodles, chard noodles, tofu, and tofu.",dacmf_blip_00195__e8,dacmf_blip_00195
,very_high,0.5511,5,wok,tool,False,vDDeMg2dhEM,outputs/annotation/frames/youcook2/vDDeMg2dhEM.png,"red cabbage, rinse with shiitake, soaked mushrooms, ginger, bean sprouts, and capouts in a wok. Fill with cornstarch, freeze and deep fry in a mixture with corn",dacmf_blip_00013__e13,dacmf_blip_00013
,high,0.423,5,mixing,action,False,JK0DTF9Edtk,outputs/annotation/frames/youcook2/JK0DTF9Edtk.png,"are dough by mixing baking powder with flour, salt, sugar, milk, knasing oil, and oil. Roll into a shape with coriander, leaves, and assemble into the oven.",dacmf_blip_00329__e9,dacmf_blip_00329
,very_high,0.9288,8,tomato puree,ingredient,False,EJm2J0WqRcY,outputs/annotation/frames/youcook2/EJm2J0WqRcY.png,"auté bacon, cook bacon, chili puree, and tomato puree with vodka, top with cooked pasta, Parmesan, and parsley.",dacmf_blip_00434__e5,dacmf_blip_00434
,very_high,0.8071,8,baking powder,ingredient,False,PYjrGqPHGhY,outputs/annotation/frames/youcook2/PYjrGqPHGhY.png,"are dry ingredients by mixing together flour, baking powder, baking soda, salt, and sugar. Cook with a nonstick, then flip to make pancakes.",dacmf_blip_00179__e2,dacmf_blip_00179
,very_high,0.6472,13,bean sprouts,ingredient,False,SOMsxGGSTUk,outputs/annotation/frames/youcook2/SOMsxGGSTUk.png,"ir-fai noodles with tamarind paste, fish sauce, and fried shallots. Combine with shrimp and sauce, combine with sauce, bean sprouts, and garnish with roasted peanuts.",dacmf_blip_00261__e6,dacmf_blip_00261
,very_high,0.6193,12,burger,ingredient,False,o42iehActZo,outputs/annotation/frames/youcook2/o42iehActZo.png,"are a burger and mayo bun on a top of tomato, two layo, two assemble with ketchup, Ketchup, and onion, then wrap in paper paper on paper and paper.",dacmf_blip_00272__e1,dacmf_blip_00272
,mid,0.15,7,salt,ingredient,False,m9gNbLw0Dcg,outputs/annotation/frames/youcook2/m9gNbLw0Dcg.png,"ry wok-fry onion, onion, salt, chili powder, turmeric, and chili paste. Fry in a pan with the mixture, then add chicken and water for a flavorful dish.",dacmf_blip_00205__e2,dacmf_blip_00205
,mid,0.2275,8,chili powder,ingredient,False,NTyhMGmuWik,outputs/annotation/frames/youcook2/NTyhMGmuWik.png,"aut and cook beef beef with onions, chili powder, spices, and canned tomato paste. Simamerters with mustard sauce, mustard, and serve in 4 bun.",dacmf_blip_00006__e3,dacmf_blip_00006
,mid,0.2476,5,kimchi dumchi,ingredient,True,-AwyG1JcMp8,outputs/annotation/frames/youcook2/-AwyG1JcMp8.png,"ine kimchi dumchi, soy sauce, sesame oil, green onion, ginger flakes, and red pepper flakes. Cook dumplings, boil with sauce, orange juice, and sauce.",dacmf_blip_00194__e1,dacmf_blip_00194
,very_high,0.52,10,italian dressing,ingredient,False,TgttBprZXDY,outputs/annotation/frames/youcook2/TgttBprZXDY.png,"oil broccoli and Italian dressing to make a dressing with pasta, pepperoni, mozzarella cheese, Italian dressing, and apple dressing.",dacmf_blip_00177__e2,dacmf_blip_00177
,high,0.4994,11,cayenne sticks,ingredient,True,WqfselLH4MQ,outputs/annotation/frames/youcook2/WqfselLH4MQ.png,"oil chicken wings and drumery with celery, celery sticks, vodka, cayenne sticks, vinegar, and tomato sauce in oil, then coat in sauce.",dacmf_blip_00230__e5,dacmf_blip_00230
,low,0.1487,7,serve,action,False,NTyhMGmuWik,outputs/annotation/frames/youcook2/NTyhMGmuWik.png,"aut and cook beef beef with onions, chili powder, spices, and canned tomato paste. Simamerters with mustard sauce, mustard, and serve in 4 bun.",dacmf_blip_00006__e10,dacmf_blip_00006
,low,0.0538,0,lime milk,ingredient,False,SjA7PFoZcNQ,outputs/annotation/frames/youcook2/SjA7PFoZcNQ.png,"ir-fry prawn shells with rice noodles and chicken noodles, then add chicken milk, lime milk, and sugar. Serve with prawn sauce.",dacmf_blip_00349__e5,dacmf_blip_00349
,high,0.4122,13,flour,ingredient,False,N35UyfIwhVI,outputs/annotation/frames/youcook2/N35UyfIwhVI.png,"are potato pancake batter by grating and squeezing out water, mixing with flour, flour, salt, and oil. Cook in a pan until golden brown, then flip in the pan.",dacmf_blip_00149__e5,dacmf_blip_00149
,very_high,0.6009,1,lettuce,ingredient,False,fpPQcbr5VC0,outputs/annotation/frames/youcook2/fpPQcbr5VC0.png,"are tuna meat meat, slice on seaweed, sprinkle with sesame seeds, yellow onions, and lettuce, then wrap with soy sauce, lettuce, soy sauce.",dacmf_blip_00134__e5,dacmf_blip_00134
,high,0.427,14,bun,ingredient,False,f2uDKzq8WM0,outputs/annotation/frames/youcook2/f2uDKzq8WM0.png,"ill sausage dog with vegetables and jalapapeno, cook sausage, mustard, ketchup, mayo, and mayo for a bun.",dacmf_blip_00308__e8,dacmf_blip_00308
,mid,0.155,0,shake,action,False,Nbh64ntT3EM,outputs/annotation/frames/youcook2/Nbh64ntT3EM.png,"ine eggs, cook cream, eggs, sea salt, and sea salt in a pan. Shape with parmesan cheese, shake with Parman.",dacmf_blip_00316__e7,dacmf_blip_00316
,very_low,0.0392,3,clam peppers,ingredient,False,_Vzpj0cXoSM,outputs/annotation/frames/youcook2/_Vzpj0cXoSM.png,"oil clam peppers, green peppers, bay leaves, bay juice, clam juice, Worcestershire sauce, Wortershire, sauce, and pepper for a pot.",dacmf_blip_00174__e2,dacmf_blip_00174
,high,0.3546,9,onions,ingredient,False,PV93b0xisN8,outputs/annotation/frames/youcook2/PV93b0xisN8.png,"elt butter, cook onions, and beef cubes in butter. Add beef cubes, add paprika, salt, and pepper for a flavorful stew.",dacmf_blip_00337__e2,dacmf_blip_00337
,mid,0.261,8,chili powder,ingredient,False,m9gNbLw0Dcg,outputs/annotation/frames/youcook2/m9gNbLw0Dcg.png,"ry wok-fry onion, onion, salt, chili powder, turmeric, and chili paste. Fry in a pan with the mixture, then add chicken and water for a flavorful dish.",dacmf_blip_00205__e3,dacmf_blip_00205
,low,0.0573,0,cardamated onion,ingredient,True,DpuofwnCI8A,outputs/annotation/frames/youcook2/DpuofwnCI8A.png,"ash and saas, sauté oil, saam masala in oil, adding onion paste, garlic paste, and cardamated onion. Finish with cilantro and cilantro.",dacmf_blip_00293__e5,dacmf_blip_00293
,high,0.4341,10,lid,tool,False,7-FatJyHj_g,outputs/annotation/frames/youcook2/7-FatJyHj_g.png,"are cabbage with salt, ginger sauce, ginger paste, sugar, onion, carrot, pepper flakes, and red pepper flakes. Transfer with red flakes, then cover with lidtight to cover.",dacmf_blip_00426__e11,dacmf_blip_00426
,very_low,0.0186,0,lemon juice,ingredient,False,83uz_q4_nyk,outputs/annotation/frames/youcook2/83uz_q4_nyk.png,"ir-nut walnuts are cooked with chicken, grape, grape celery, lemon juice, black pepper, and salt. Season with black walnuts, then stir in the mixture.",dacmf_blip_00170__e5,dacmf_blip_00170
,very_high,0.5855,8,sirloin meat,ingredient,False,PHpk4ITk-SE,outputs/annotation/frames/youcook2/PHpk4ITk-SE.png,"inate sirloin meat in a zip, then attach with citrus fruit, orange skin, and lemon skin. Make tacos, then make tacos with vegetables, then wrap in vegetables and wrap.",dacmf_blip_00059__e1,dacmf_blip_00059
,high,0.4597,8,mix,action,False,3WXM2FAueb8,outputs/annotation/frames/youcook2/3WXM2FAueb8.png," salsa salsa by sautéing beef with salsa powder, salt, oregeno, onion, spices, and beans. Mix up with beans, bake, and bake to make a burrito.",dacmf_blip_00452__e9,dacmf_blip_00452
,very_high,0.8754,1,spices,ingredient,False,6seOEuK0ojg,outputs/annotation/frames/youcook2/6seOEuK0ojg.png,"auté onion, garlic, yogurt, and yogurt in a pan. Stiré with spices, spices, cardamom, cinnamon, and sugar, then combine with garam marsala and sugar.",dacmf_blip_00305__e4,dacmf_blip_00305
,very_high,0.5983,4,parsley,ingredient,False,WlkaUxBwURQ,outputs/annotation/frames/youcook2/WlkaUxBwURQ.png,"oil and mash potatoes, boil with milk, green onions, salt, and pepper, mix with a seasoningpan and garnish with parsley.",dacmf_blip_00344__e11,dacmf_blip_00344
,mid,0.278,5,meat,ingredient,False,mhEVgpfF-IU,outputs/annotation/frames/youcook2/mhEVgpfF-IU.png,"oil meat, spices, chili powder, and cumin. boil in water separately, then chop in water for pieces.",dacmf_blip_00033__e2,dacmf_blip_00033
,very_low,0.0136,12,seal,action,False,WlHWRPyA7_g,outputs/annotation/frames/youcook2/WlHWRPyA7_g.png," a mixture filling with flour, corn starch, ginger, green peppers, shredded peppers, cabbage, juli, and spices. Fill wrappers with paste, seal, and fry in oil.",dacmf_blip_00259__e11,dacmf_blip_00259
,low,0.0599,7,garlic,ingredient,False,6nVIgasiUtw,outputs/annotation/frames/youcook2/6nVIgasiUtw.png,"ry a flavorful chilala dosa by sautéing green chilis, ginger, garlic, and spices, then combine with the dosa.",dacmf_blip_00342__e4,dacmf_blip_00342
,low,0.069,0,vegetables,ingredient,False,eWBSMD3BiHM,outputs/annotation/frames/youcook2/eWBSMD3BiHM.png,"are a flavorful coriry-rying onions, vegetables, spices, and curry paste in a wok with a curry sauce, then combine with rice sauce, spring onions, soy sauce, and sauce.",dacmf_blip_00360__e2,dacmf_blip_00360
,low,0.095,14,lemon sauce,ingredient,False,6XBocXgvfTs,outputs/annotation/frames/youcook2/6XBocXgvfTs.png,"are a shrimp and kobo kobobs with butter, lemon sauce, and pepper sauce, refrigerate. Grill in a skewer of skewer and grill for make kabobs.",dacmf_blip_00264__e4,dacmf_blip_00264
,very_high,0.544,2,pasta,ingredient,False,lwdypoLpMW4,outputs/annotation/frames/youcook2/lwdypoLpMW4.png,"auté celery and beans, then add garlic, beans, water, then combine with tomato puree, pasta, blackeers, and salt.",dacmf_blip_00242__e6,dacmf_blip_00242
,mid,0.251,0,pepper,ingredient,False,kWLYcM3uVVc,outputs/annotation/frames/youcook2/kWLYcM3uVVc.png,"are a creamy pepper and pepper with cream cheese, then top with mozzarella cheese and bake at 350 degrees.",dacmf_blip_00425__e1,dacmf_blip_00425
,very_high,0.7153,8,wok,tool,False,4nxbRG6-sfw,outputs/annotation/frames/youcook2/4nxbRG6-sfw.png,"inate chicken-fry chicken by marinating chicken in a spicy chicken wine, soy sauce, and sesame oil in a wok, then finish with a sauce and szechuan sauce.",dacmf_blip_00285__e8,dacmf_blip_00285
,very_high,0.5263,5,sesame oil,ingredient,False,4nxbRG6-sfw,outputs/annotation/frames/youcook2/4nxbRG6-sfw.png,"inate chicken-fry chicken by marinating chicken in a spicy chicken wine, soy sauce, and sesame oil in a wok, then finish with a sauce and szechuan sauce.",dacmf_blip_00285__e4,dacmf_blip_00285
,mid,0.1524,13,serve,action,False,LjfTvZ-cmzs,outputs/annotation/frames/youcook2/LjfTvZ-cmzs.png,"are a classic potato by grering by grating potatoes with flour, cooked potatoes, salt, pepper, and butter. Fry in butter, then serve with boxty egg, bacon, and fried egg.",dacmf_blip_00309__e13,dacmf_blip_00309
,low,0.0941,2,lemon skin,ingredient,False,PHpk4ITk-SE,outputs/annotation/frames/youcook2/PHpk4ITk-SE.png,"inate sirloin meat in a zip, then attach with citrus fruit, orange skin, and lemon skin. Make tacos, then make tacos with vegetables, then wrap in vegetables and wrap.",dacmf_blip_00059__e5,dacmf_blip_00059
,mid,0.2707,9,macaroni,ingredient,False,xhXcJ6bhX2w,outputs/annotation/frames/youcook2/xhXcJ6bhX2w.png,"oil macaroni and cook pasta with butter. Combine with butter, evapores, eggs, salt, pepper, and cheeses, then bake for 15 minutes.",dacmf_blip_00372__e2,dacmf_blip_00372
,very_low,0.0045,3,green cardamom,ingredient,False,-dh_uGahzYo,outputs/annotation/frames/youcook2/-dh_uGahzYo.png," hangeréati with ginger powder, fennel seeds, water, green cardamom, spices, and mutton. Blend in a pan, then cook with ghee and cook in pot.",dacmf_blip_00022__e5,dacmf_blip_00022
,very_low,0.0131,12,fenander milk,ingredient,True,LeCwqp8Bic8,outputs/annotation/frames/youcook2/LeCwqp8Bic8.png,"ure vegetables, tomatoes, and water, cook chickpeas, ginger, garlic paste, and fenugreek milk. Cook chickreek leaves with sweet milk, fenander milk, and lime juice.",dacmf_blip_00370__e10,dacmf_blip_00370
,very_low,0.0074,1,olive oil,ingredient,False,jT75QMjRkD0,outputs/annotation/frames/youcook2/jT75QMjRkD0.png,"end sesame seeds, salt, pepper, lemon juice, chickpeas, garlic, water, and olive oil in a blender. Blend the olive oil, then add olive oil.",dacmf_blip_00101__e8,dacmf_blip_00101
,mid,0.2397,13,flavorful,attribute,False,fn9anlEL4FI,outputs/annotation/frames/youcook2/fn9anlEL4FI.png," a flavorful lamb masala by sautéing garala with garlic, ginger, ginger paste, and onions in oil. Add with onions, corumin, cormeric, water, and water, add to the flavorful tomatoes.",dacmf_blip_00004__e13,dacmf_blip_00004
,very_high,0.5732,7,calamari tentacles,ingredient,False,zljhtdoqpv0,outputs/annotation/frames/youcook2/zljhtdoqpv0.png,"at calamari tentacles with garlic powder, seasoning, and tentacles in a seasoned flour. Coat with crispy calamari with tabari, fry, and serve with sauce.",dacmf_blip_00306__e1,dacmf_blip_00306
,low,0.0785,0,make,action,False,RznLeKVI3yo,outputs/annotation/frames/youcook2/RznLeKVI3yo.png,"are wings, make wings with garlic powder, chili powder, paprika, and buffalo sauce. Cook with buffalo sauce, then cook withbuff sauce and cook.",dacmf_blip_00161__e6,dacmf_blip_00161
,high,0.3415,14,noodles,ingredient,False,o9kndEZvsnY,outputs/annotation/frames/youcook2/o9kndEZvsnY.png,"are paddon noodles with chicken broth, noodles, and fish balls into a broth. Serve with udon noodles and add vegetables.",dacmf_blip_00018__e3,dacmf_blip_00018
,high,0.4126,3,herbs,ingredient,False,eYOn2ZVB4nc,outputs/annotation/frames/youcook2/eYOn2ZVB4nc.png,"are bulgur bulgur salad by sautéing boiling water, mint, and herbs in boiling water. Layer with bulumber, tomato, pepper, and garnice.",dacmf_blip_00032__e4,dacmf_blip_00032
,low,0.0767,2,tomato puree,ingredient,False,lwdypoLpMW4,outputs/annotation/frames/youcook2/lwdypoLpMW4.png,"auté celery and beans, then add garlic, beans, water, then combine with tomato puree, pasta, blackeers, and salt.",dacmf_blip_00242__e5,dacmf_blip_00242
,mid,0.2724,5,add,action,False,NXnQys_ejeg,outputs/annotation/frames/youcook2/NXnQys_ejeg.png,"are a flavorful rice and vegetable vegetable potused rice made with vegetables, vegetables, and paneer chilis, then add rice and sauce. Serve with sauce on a bowl.",dacmf_blip_00311__e6,dacmf_blip_00311
,mid,0.192,10,garlic,ingredient,False,UHhuaRTF1UY,outputs/annotation/frames/youcook2/UHhuaRTF1UY.png,"at chicken in chicken broth, rice, soy sauce, and garlic in a sauce of sauce, then toss with garlic.",dacmf_blip_00254__e5,dacmf_blip_00254
,very_high,0.9308,5,salt,ingredient,False,peld2w63tpM,outputs/annotation/frames/youcook2/peld2w63tpM.png,"are squid with flour, salt, cayenne pepper, and black pepper in a container until golden. Serve on a paper towel, then finish with garlic juice.",dacmf_blip_00160__e3,dacmf_blip_00160
,very_high,0.6039,5,onions,ingredient,False,woTrhsB_bcA,outputs/annotation/frames/youcook2/woTrhsB_bcA.png,"ry snails with onions, garlic, shrimp, chagoong, and red milk in a creamy milk. Top with coconut milk, bago, black pepper, and spinach.",dacmf_blip_00245__e2,dacmf_blip_00245
,very_low,0.0064,10,garlic powder,ingredient,False,RznLeKVI3yo,outputs/annotation/frames/youcook2/RznLeKVI3yo.png,"are wings, make wings with garlic powder, chili powder, paprika, and buffalo sauce. Cook with buffalo sauce, then cook withbuff sauce and cook.",dacmf_blip_00161__e2,dacmf_blip_00161
,low,0.1475,0,olaine dressing,ingredient,True,5VnaolWGIy4,outputs/annotation/frames/youcook2/5VnaolWGIy4.png,"are pasta, mix with pasta, cherry tomatoes, olives, olaine dressing, black romaine lettuce, black pepper, and parmesesan cheese.",dacmf_blip_00433__e4,dacmf_blip_00433
,very_low,0.0138,15,worcestershire sauce,ingredient,False,VPFmudvabUg,outputs/annotation/frames/youcook2/VPFmudvabUg.png," a Caesar and mushroom fillets by blending garlic, yogurt, Worcestershire sauce, tabters, and seasonings with a skillet and pepper, then serve with cheese and serve.",dacmf_blip_00051__e4,dacmf_blip_00051
,low,0.0609,0,simmer,action,False,qkluMpILLdQ,outputs/annotation/frames/youcook2/qkluMpILLdQ.png,"are a potato potatoes, then simmer with cream, butter, green onions, bacon, and pepper in a pot.",dacmf_blip_00251__e7,dacmf_blip_00251
,high,0.3817,5,celery,ingredient,False,LfSYF1N5i_Q,outputs/annotation/frames/youcook2/LfSYF1N5i_Q.png,"auté onion, garlic, celery, and tomatoes in oil. Add tomatoes, chicken stock, tomatoes, salt, pepper, and balsamic vinegar for a food processor.",dacmf_blip_00055__e3,dacmf_blip_00055
,very_low,0.0307,1,brown sugar,ingredient,False,QUt050AXQMw,outputs/annotation/frames/youcook2/QUt050AXQMw.png,"are a wine veusages with veggie sugar, brown sugar, and wine in a griddle. Cook with thyme and top with sausmegized onions.",dacmf_blip_00213__e2,dacmf_blip_00213
,mid,0.2594,3,meat,ingredient,False,2heP32bqOV0,outputs/annotation/frames/youcook2/2heP32bqOV0.png,"are meat in a pot, cook onions, then cook in oil with tomato paste, water, cumin paste, and seasoning for a flavorful curry.",dacmf_blip_00422__e1,dacmf_blip_00422
,very_high,0.8551,14,meatballs,ingredient,False,aCvIo-M06xI,outputs/annotation/frames/youcook2/aCvIo-M06xI.png,"are meatballs with garlic, garlic, and seasonings, then divide in a pot with onions, onions, and peppercase.",dacmf_blip_00200__e1,dacmf_blip_00200
,mid,0.29,9,slice,action,False,uOXlG8Tglc8,outputs/annotation/frames/youcook2/uOXlG8Tglc8.png,"ry bacon, place on a golden toast, then add tomato and mayonnaise, then slice in toast with tomato sandwich.",dacmf_blip_00265__e8,dacmf_blip_00265
,very_low,0.0423,0,ghee,ingredient,False,bxgdUWKOwtQ,outputs/annotation/frames/youcook2/bxgdUWKOwtQ.png,"are a dough-iced filling with flour, ghee, and peas, then cook it with stuffing, stuffing to make a flavorful samosa.",dacmf_blip_00414__e3,dacmf_blip_00414
,high,0.4196,1,cucumber,ingredient,False,p6LSW9kuRCE,outputs/annotation/frames/youcook2/p6LSW9kuRCE.png," hamle soup by boiling ham, eggs, and tomato slices on cold water, then combine with cucumber, scrambled egg, tomato tomato, and sauce for a flavorful sauce.",dacmf_blip_00119__e5,dacmf_blip_00119
,high,0.3187,8,milk,ingredient,False,FzhJGCaaYVs,outputs/annotation/frames/youcook2/FzhJGCaaYVs.png," a ham ham cheese sandwich by combining ham, flour, milk, and sauce with sauce. Bake in a bread sauce, then bake in a oven.",dacmf_blip_00092__e4,dacmf_blip_00092
,mid,0.1862,0,stretch,action,False,zqTXQ-YqrgQ,outputs/annotation/frames/youcook2/zqTXQ-YqrgQ.png,"are a doughheralla by combining garlic, herbs, and herbs in oil. Stretch out a circle with Parmesan sauce, then bake and bake.",dacmf_blip_00050__e6,dacmf_blip_00050
,very_low,0.0288,13,potato,ingredient,False,ZjKY9v48fTc,outputs/annotation/frames/youcook2/ZjKY9v48fTc.png,"are onions, add cabbage, milk, and milk to create a pot. Mash to make a potato potatoes in the pot.",dacmf_blip_00394__e4,dacmf_blip_00394
,high,0.4361,2,mix,action,False,oYLrSflCI2g,outputs/annotation/frames/youcook2/oYLrSflCI2g.png," rot dough by mixing flour, oil, salt, and water. Roll into a thin oval oval oval sheets with oil, fold in a hot pan, then flip again.",dacmf_blip_00381__e6,dacmf_blip_00381
,high,0.4778,8,lettuce,ingredient,False,m3kFrdCHitg,outputs/annotation/frames/youcook2/m3kFrdCHitg.png," a grilled vegetable sandwich by combining carrots, sugar, vinegar, fish sauce, oil, and soy sauce. Combine with lettuce, onions, chicken, jalapenos, and vegetable mixture between bread.",dacmf_blip_00132__e7,dacmf_blip_00132
,very_low,0.0381,6,black pepper,ingredient,False,H5NPxWpfYNU,outputs/annotation/frames/youcook2/H5NPxWpfYNU.png,"end seasoned beef with a mixture of soy sauce, green onion, ginger, garlic, apple sauce, black pepper, and sesame oil, then cook on a pan with cooked beef mixture.",dacmf_blip_00187__e7,dacmf_blip_00187
,mid,0.1949,11,cook,action,False,LjfTvZ-cmzs,outputs/annotation/frames/youcook2/LjfTvZ-cmzs.png,"are a classic potato by grering by grating potatoes with flour, cooked potatoes, salt, pepper, and butter. Fry in butter, then serve with boxty egg, bacon, and fried egg.",dacmf_blip_00309__e11,dacmf_blip_00309
,very_low,0.0188,8,ground pepper,ingredient,False,1iv2xhPN3vk,outputs/annotation/frames/youcook2/1iv2xhPN3vk.png,"at bratwusages, onions, butter, ground pepper, and beer in a tray with beer and beer through until cooked through.",dacmf_blip_00169__e4,dacmf_blip_00169
,mid,0.255,1,carrots,ingredient,False,2-mxsib6pJo,outputs/annotation/frames/youcook2/2-mxsib6pJo.png," a clam chowder by cooking bacon, carrots, celery, and onions in flour. Season with juice, cream, and bread cubes, then serve in butter.",dacmf_blip_00106__e3,dacmf_blip_00106
,low,0.1384,12,divide,action,False,ljyO7IaGWLY,outputs/annotation/frames/youcook2/ljyO7IaGWLY.png,"oil potato musedies by mixing with flour, butter, and water, divide it with butter, adding spinach, and marinara sauce, then boil and make pierara sauce.",dacmf_blip_00406__e8,dacmf_blip_00406
,high,0.4035,8,pepper,ingredient,False,PV93b0xisN8,outputs/annotation/frames/youcook2/PV93b0xisN8.png,"elt butter, cook onions, and beef cubes in butter. Add beef cubes, add paprika, salt, and pepper for a flavorful stew.",dacmf_blip_00337__e8,dacmf_blip_00337
,high,0.3401,12,sauté,action,False,nVERaEFJWLQ,outputs/annotation/frames/youcook2/nVERaEFJWLQ.png,"oil beans and dal, then sauté lentils, cumin seeds, gingere, garlic, puree, and tomato puree. Add beans, rederam masala and cream.",dacmf_blip_00300__e12,dacmf_blip_00300
,high,0.4734,1,garlic,ingredient,False,ulrh6C5V_VI,outputs/annotation/frames/youcook2/ulrh6C5V_VI.png,"ir-fry soft pork with garlic, garlic, and chilli paste in a spicy pork-ek, then season with salt and sesame oil.",dacmf_blip_00423__e2,dacmf_blip_00423
,very_high,0.8039,12,cook,action,False,EnP2j1caRVs,outputs/annotation/frames/youcook2/EnP2j1caRVs.png,"inate short ribs with soy sauce, sugar, ground onions, ground onion, sesame oil, peel and cook in a bowl.",dacmf_blip_00034__e8,dacmf_blip_00034
,mid,0.2743,7,egg yolk,ingredient,False,9Y9_OBnJub0,outputs/annotation/frames/youcook2/9Y9_OBnJub0.png,"auté garlic bacon with garlic, egg yolk, cream, and cream. Bo with boiled spaghetti, black spaghetti, Parmesan, and parsley.",dacmf_blip_00291__e3,dacmf_blip_00291
,high,0.388,7,brine,ingredient,False,V53XmPeyjIU,outputs/annotation/frames/youcook2/V53XmPeyjIU.png,"at chicken in brine butter, milk, hot sauce, and hot sauce. Season with mixed spices, then fry in hot spices.",dacmf_blip_00001__e2,dacmf_blip_00001
,high,0.4228,13,add,action,False,nfVXBQwOCMc,outputs/annotation/frames/youcook2/nfVXBQwOCMc.png,"oil ham, fry oil, add ham sauce, vodka, and peas. Mix with tomato sauce, mix with peas, peas, and sauce.",dacmf_blip_00093__e7,dacmf_blip_00093
,very_high,0.8885,2,rice sauce,ingredient,False,eWBSMD3BiHM,outputs/annotation/frames/youcook2/eWBSMD3BiHM.png,"are a flavorful coriry-rying onions, vegetables, spices, and curry paste in a wok with a curry sauce, then combine with rice sauce, spring onions, soy sauce, and sauce.",dacmf_blip_00360__e7,dacmf_blip_00360
,very_high,0.596,11,boiling water,ingredient,False,p-NnIyGFZVw,outputs/annotation/frames/youcook2/p-NnIyGFZVw.png,"ir-laksa soup with onions, laksa sauce, coconut milk, and red bell pepper in a pan. Serve with boiling water and cooking.",dacmf_blip_00289__e8,dacmf_blip_00289
,high,0.3924,4,blend,action,False,jT75QMjRkD0,outputs/annotation/frames/youcook2/jT75QMjRkD0.png,"end sesame seeds, salt, pepper, lemon juice, chickpeas, garlic, water, and olive oil in a blender. Blend the olive oil, then add olive oil.",dacmf_blip_00101__e10,dacmf_blip_00101
,very_high,0.7679,4,tofu,ingredient,False,2zFAZy0zSbw,outputs/annotation/frames/youcook2/2zFAZy0zSbw.png,"ir-fry shrimp with soy sauce, spicy sauce, and sugar in a hot pan, then cook with vegetables with sauce, green onions, tofu, and green onions.",dacmf_blip_00449__e10,dacmf_blip_00449
,low,0.1054,8,skim,ingredient,False,QYl_wwBKt18,outputs/annotation/frames/youcook2/QYl_wwBKt18.png,"are a casserole made by sautéing milk, evaporated milk, skim, and cornstules in a sauce, then mix with a sauce made of sauce.",dacmf_blip_00070__e4,dacmf_blip_00070
,low,0.1144,0,at,action,True,wlq30WwXwSM,outputs/annotation/frames/youcook2/wlq30WwXwSM.png,"at chicken in flour, seasonings, garlic powder, and mashed potatoes in instant oil. Fry in deep oil until crispy, then fry until",dacmf_blip_00427__e7,dacmf_blip_00427
,high,0.3347,1,hot oil,ingredient,False,sdB8qBlLS2E,outputs/annotation/frames/youcook2/sdB8qBlLS2E.png,"auté lamb and cook a flavorful stew, shake in hot oil, then add lamb, spices, and lamb. Serve with tomato chilis, tomatoes, and coriander leaves.",dacmf_blip_00157__e3,dacmf_blip_00157
,high,0.4149,10,sives,ingredient,True,7E8Lj_Ktfok,outputs/annotation/frames/youcook2/7E8Lj_Ktfok.png,"rate tuna powder with wasabi, soy sauce, sesame oil, sives, and lime juice. Serve with apple juice, apple, and chives.",dacmf_blip_00214__e5,dacmf_blip_00214
,mid,0.244,10,cucumbers,ingredient,False,Ew5YKc6xmLE,outputs/annotation/frames/youcook2/Ew5YKc6xmLE.png,"are a Caesar and pita salad by combining pita bread and lemon juice, then mix with cucumbers, tomatoes, iceberg, and seasonings, serve with bread, mint.",dacmf_blip_00117__e4,dacmf_blip_00117
,mid,0.2124,8,milk,ingredient,False,yxjnWx6TaQ8,outputs/annotation/frames/youcook2/yxjnWx6TaQ8.png,"oil frankters by mixing flourmeal flour, flour, spices, sugar, sugarers, and milk, then secure frank dogs in batterterstersters.",dacmf_blip_00102__e8,dacmf_blip_00102
,very_high,0.9965,1,swiss grilled cheddar sandwich,ingredient,False,YNpVeU1pVZA,outputs/annotation/frames/youcook2/YNpVeU1pVZA.png," swiss grilled cheddar sandwich with monterey cheddar and monterey cheese, then assemble in a hot skillet until golden.",dacmf_blip_00411__e1,dacmf_blip_00411
,low,0.1057,4,sugar,ingredient,False,rf_mGLJPnDk,outputs/annotation/frames/youcook2/rf_mGLJPnDk.png,"ute garlic noodles, then add choi sauce, soy sauce, kicap man, water, and sugar. Finish for a flavorful choi dish, then serve.",dacmf_blip_00396__e6,dacmf_blip_00396
,very_low,0.0258,6,walnuts,ingredient,False,xw9aAfqanDo,outputs/annotation/frames/youcook2/xw9aAfqanDo.png,"ake chicken skillet with grapes, lemon, lemoning lemoning with gut, and light mayonnaise. Cook chicken, light walnuts, and season with a dressing dressing.",dacmf_blip_00352__e6,dacmf_blip_00352
,very_low,0.0234,7,orange juice,ingredient,False,-AwyG1JcMp8,outputs/annotation/frames/youcook2/-AwyG1JcMp8.png,"ine kimchi dumchi, soy sauce, sesame oil, green onion, ginger flakes, and red pepper flakes. Cook dumplings, boil with sauce, orange juice, and sauce.",dacmf_blip_00194__e9,dacmf_blip_00194
,very_high,0.9476,10,pepperoni sandwich,ingredient,False,MPCU71Hg-i4,outputs/annotation/frames/youcook2/MPCU71Hg-i4.png,"illed pepperoni sandwich by layilling pepperoni on bread, then layer with cheese and marinara sauce between breadoni, cheese, and bake on top with bread.",dacmf_blip_00145__e1,dacmf_blip_00145
,very_high,0.9668,15,burrito,ingredient,False,3WXM2FAueb8,outputs/annotation/frames/youcook2/3WXM2FAueb8.png," salsa salsa by sautéing beef with salsa powder, salt, oregeno, onion, spices, and beans. Mix up with beans, bake, and bake to make a burrito.",dacmf_blip_00452__e11,dacmf_blip_00452
,very_high,0.7601,4,batteramed egg,ingredient,False,igF8D7iE46o,outputs/annotation/frames/youcook2/igF8D7iE46o.png,"at batter in a batteramed egg, creamed corn, milk, sugar, baking powder, and corn, then fry until golden brown.",dacmf_blip_00274__e1,dacmf_blip_00274
,very_low,0.0264,13,cucumber,ingredient,False,TO_W2RYL2mA,outputs/annotation/frames/youcook2/TO_W2RYL2mA.png,"are a flavorful chicken, garlic, ginger, and fish sauce. Cook with coconut sauce, cucumber, and water. Finish with cooked chicken stock, cucwer leaves, spinach, spinach leaves.",dacmf_blip_00069__e6,dacmf_blip_00069
,very_low,0.0158,13,bulgarraaze,ingredient,True,sv8jRCmi3Ro,outputs/annotation/frames/youcook2/sv8jRCmi3Ro.png,"are bulgarraaze by baking tomatoes in a mixture of bulgur, bulgur mixture, herbs, parsley, and parsley. Bake in the oven with bulley, oil, then transfer in the plate.",dacmf_blip_00364__e1,dacmf_blip_00364
,low,0.0943,5,cayenne pepper,ingredient,False,9BNRMHGepS4,outputs/annotation/frames/youcook2/9BNRMHGepS4.png,"ute vegetables with peppers, peppers, and garlic. Combine with vegetables, season with barbecue sauce, cayenne pepper, chili, and pepper, then bake in the meat pan.",dacmf_blip_00042__e5,dacmf_blip_00042
,high,0.3128,15,toast,ingredient,False,NZtwPf32YN4,outputs/annotation/frames/youcook2/NZtwPf32YN4.png,"isk and mar topped with milk, creme, butter, and pepper in a pan. Cook eggs on toast, then top with vinegar and vinegar.",dacmf_blip_00144__e7,dacmf_blip_00144
,low,0.1019,0,cucumber,ingredient,False,FliMoBfG72Y,outputs/annotation/frames/youcook2/FliMoBfG72Y.png," a sushi roll by spreading seaweed, on bamboo, mayonnaise, crab, meat, cucumber, and avocado, then roll into small rolls.",dacmf_blip_00444__e5,dacmf_blip_00444
,low,0.0547,0,oil,ingredient,False,RKhfv-spUaI,outputs/annotation/frames/youcook2/RKhfv-spUaI.png,"are dough dough by mixing dough, water, mixing with flour, oil, and salt. Fill into a bun with mustard, cucumber, salad, and fried onions.",dacmf_blip_00241__e4,dacmf_blip_00241
,low,0.1324,6,mix,action,False,cdsDsUcLJZM,outputs/annotation/frames/youcook2/cdsDsUcLJZM.png,"ute guutee guanciale, mix with olive oil, parmesan, and pepper, then mix with cooked pasta.",dacmf_blip_00240__e6,dacmf_blip_00240
,high,0.3336,6,ginger,ingredient,False,RqgN6iWMkb0,outputs/annotation/frames/youcook2/RqgN6iWMkb0.png,"are a flavorful soup by sautéing ginger, garlic, and green onion with sugar, sugar, soy sauce, baking soda, and sesame oil. Serve over noodles with pork, pork corn.",dacmf_blip_00156__e2,dacmf_blip_00156
,very_high,0.5906,1,potatoes,ingredient,False,186EQzPPHW8,outputs/annotation/frames/youcook2/186EQzPPHW8.png,"oil mashed potatoes are saauté potatoes with butter, butter, and spices, then add mashed potatoes and gravy, simmer with mashed potatoes.",dacmf_blip_00304__e2,dacmf_blip_00304
,high,0.429,12,broth,ingredient,False,ysRLGUndzgg,outputs/annotation/frames/youcook2/ysRLGUndzgg.png,"are a tofu ladle soup by cooking carrots, onions, bell peppers, ginger, soy sauce, hot sauce, sweet sauce, and sesame sauce in a broth. Finish with green onion, arrow, tofu, and green onion.",dacmf_blip_00087__e10,dacmf_blip_00087
,high,0.4997,6,sausmegized onions,ingredient,True,QUt050AXQMw,outputs/annotation/frames/youcook2/QUt050AXQMw.png,"are a wine veusages with veggie sugar, brown sugar, and wine in a griddle. Cook with thyme and top with sausmegized onions.",dacmf_blip_00213__e6,dacmf_blip_00213
,mid,0.1713,8,lettuce,ingredient,False,g6eV_7U5HX8,outputs/annotation/frames/youcook2/g6eV_7U5HX8.png,"are a bean burrito by cooking refried beans with chilli powder, lettuce, tomatoes, and spices, then spread in a tortillas upding beans, then roll with sour cream.",dacmf_blip_00250__e4,dacmf_blip_00250
,high,0.4273,14,bacon,ingredient,False,4eWzsx1vAi8,outputs/annotation/frames/youcook2/4eWzsx1vAi8.png,"ill tomato salad on a golden pan, then spread bacon, lettuce, and tomatoes on a paper mayo spread with mayo, tomatoes, and pepper.",dacmf_blip_00232__e3,dacmf_blip_00232
,high,0.3343,8,cheese,ingredient,False,YX6v3tY7OPg,outputs/annotation/frames/youcook2/YX6v3tY7OPg.png," a ham and cheese sandwich by combining topped with ham, mayonnaise, guerrier, cheese, and pepper, on a hot skillet. Cook until golden brown.",dacmf_blip_00437__e5,dacmf_blip_00437
,very_low,0.0416,12,ginger paste,ingredient,False,fn9anlEL4FI,outputs/annotation/frames/youcook2/fn9anlEL4FI.png," a flavorful lamb masala by sautéing garala with garlic, ginger, ginger paste, and onions in oil. Add with onions, corumin, cormeric, water, and water, add to the flavorful tomatoes.",dacmf_blip_00004__e5,dacmf_blip_00004
,low,0.1165,10,salt,ingredient,False,Dao0vasGPMQ,outputs/annotation/frames/youcook2/Dao0vasGPMQ.png,"at chicken in milk and flour, dip in a mixture of flour, paprika, and salt. Coat in oil and fry in oil until golden.",dacmf_blip_00412__e5,dacmf_blip_00412
,low,0.1195,1,lay,action,False,eMsfAhVj2e4,outputs/annotation/frames/youcook2/eMsfAhVj2e4.png," a dough and top, lay, roll into a ball, roll, brush into a it with melted butter, Italian butter, and sprinkle over top.",dacmf_blip_00180__e2,dacmf_blip_00180
,very_high,0.9829,10,pancetta,ingredient,False,rWdhkAXfEAY,outputs/annotation/frames/youcook2/rWdhkAXfEAY.png,"ry spaghetti, fry pancings with garlic, eggs, and cream grated eggs, then mix with cooked pancetta and top with parsley.",dacmf_blip_00387__e6,dacmf_blip_00387
,low,0.0773,1,verattago,ingredient,True,xHr8X2Wpmno,outputs/annotation/frames/youcook2/xHr8X2Wpmno.png,"are a Caesar salad by combining verdalago, sumac, garlic, and garlic. Serve with verdal dressing with verattago, tomatoes, onions, and onions.",dacmf_blip_00000__e5,dacmf_blip_00000
,low,0.119,5,seasonings,ingredient,False,wlq30WwXwSM,outputs/annotation/frames/youcook2/wlq30WwXwSM.png,"at chicken in flour, seasonings, garlic powder, and mashed potatoes in instant oil. Fry in deep oil until crispy, then fry until",dacmf_blip_00427__e3,dacmf_blip_00427
,mid,0.2083,15,serve,action,False,YhevdroG7a4,outputs/annotation/frames/youcook2/YhevdroG7a4.png,"ir-fry chicken, fry with spices, ginger, garlic, turmeric, and tomato water. Mix with water, tomato water, and water for 15 minutes. Serve with cilantro leaves.",dacmf_blip_00398__e11,dacmf_blip_00398
,mid,0.2281,15,garnumber,ingredient,True,BRqTCiAc7uk,outputs/annotation/frames/youcook2/BRqTCiAc7uk.png,"are loin, roll, shiso, and cucumber wasabi, then add with Parmumber and garnumber for a flavorful wasumber.",dacmf_blip_00255__e6,dacmf_blip_00255
,high,0.4069,15,lemon juice,ingredient,False,OWtnI3m-p8g,outputs/annotation/frames/youcook2/OWtnI3m-p8g.png,"are a Caesar salad by combining garlic, mayon, lemon juice, cheese, and cheese. Cook lettuce in a dressing with bell peppers, and sprinkle with dressing.",dacmf_blip_00373__e4,dacmf_blip_00373
,mid,0.2432,9,chicken stock,ingredient,False,LfSYF1N5i_Q,outputs/annotation/frames/youcook2/LfSYF1N5i_Q.png,"auté onion, garlic, celery, and tomatoes in oil. Add tomatoes, chicken stock, tomatoes, salt, pepper, and balsamic vinegar for a food processor.",dacmf_blip_00055__e7,dacmf_blip_00055
,high,0.4647,5,hot dogs,ingredient,False,xkKuIlYSMMU,outputs/annotation/frames/youcook2/xkKuIlYSMMU.png," hot hot hot dogs by combining hot dogs with flour, sugar polenta, baking powder, egg, milk, and milk in oil.",dacmf_blip_00047__e1,dacmf_blip_00047
,high,0.4045,1,ribs,ingredient,False,2Zr72r4OCe8,outputs/annotation/frames/youcook2/2Zr72r4OCe8.png,"inate ribs in soy sauce baginade with soy sauce, brown onions, water, and sesame oil, then grill in the bag.",dacmf_blip_00215__e1,dacmf_blip_00215
,mid,0.2041,3,pasta,ingredient,False,UkqQAynrM2g,outputs/annotation/frames/youcook2/UkqQAynrM2g.png,"are a flavorful pasta and dressing served with a vinegar, mozzamic, herbs, and herbs. Top with dressing, lettuce, tomatoes, zucchini, beans, and seasonings.",dacmf_blip_00351__e1,dacmf_blip_00351
,very_high,0.7772,3,flour,ingredient,False,PTUxCvCz8Bc,outputs/annotation/frames/youcook2/PTUxCvCz8Bc.png,"at chicken wings with flour, garlic, seasonings, salt, and milk. Coat in a mixture until cooked in deep oil towels. Serve over paper towel.",dacmf_blip_00153__e2,dacmf_blip_00153
,very_low,0.0339,9,spring,ingredient,False,DeiX_otgD1Q,outputs/annotation/frames/youcook2/DeiX_otgD1Q.png," a potato dish by baking mashed potatoes with mash, masher, and mash them, coat with a milk mixture, mix in a steamed milk, spring, and parsley.",dacmf_blip_00166__e7,dacmf_blip_00166
,low,0.051,8,oil,ingredient,False,2heP32bqOV0,outputs/annotation/frames/youcook2/2heP32bqOV0.png,"are meat in a pot, cook onions, then cook in oil with tomato paste, water, cumin paste, and seasoning for a flavorful curry.",dacmf_blip_00422__e3,dacmf_blip_00422
,high,0.3291,8,sauté,action,False,RqgN6iWMkb0,outputs/annotation/frames/youcook2/RqgN6iWMkb0.png,"are a flavorful soup by sautéing ginger, garlic, and green onion with sugar, sugar, soy sauce, baking soda, and sesame oil. Serve over noodles with pork, pork corn.",dacmf_blip_00156__e12,dacmf_blip_00156
,low,0.0814,0,season,action,False,84i8Qdnyd0k,outputs/annotation/frames/youcook2/84i8Qdnyd0k.png,"oil and mash potatoes, then mash potatoes and milk in milk. Season with milk, top with parsley leaves.",dacmf_blip_00027__e7,dacmf_blip_00027
,mid,0.2074,9,chicken whites,ingredient,False,7D4uMKxLDT0,outputs/annotation/frames/youcook2/7D4uMKxLDT0.png,"readed chicken whites with olive oil and parumbs. Cook in oil mixed with cooked sauce, sauce, and cheese, then bakeed with sauce.",dacmf_blip_00258__e1,dacmf_blip_00258
,very_high,0.5573,9,grill,tool,False,y4y22RQH05c,outputs/annotation/frames/youcook2/y4y22RQH05c.png,"illed parchment parchment patties by grilling them on a grill, then assemble it with two buns, ketchup, mustard, and mustard, then wrap in a bun in aluminum foil.",dacmf_blip_00049__e2,dacmf_blip_00049
,mid,0.1613,12,rice paper,ingredient,False,BAoQWVV-bh4,outputs/annotation/frames/youcook2/BAoQWVV-bh4.png,"ak rice paper paper by wrapping rice paper, cucumber, avocado, rice, and lettuce in water. Roll secure paper wraps with lettuce paper, roll to make secure dish.",dacmf_blip_00098__e1,dacmf_blip_00098
,high,0.4336,3,butter,ingredient,False,c3JFGGhkArA,outputs/annotation/frames/youcook2/c3JFGGhkArA.png,"elt ham cheese sandwiches by combining butter with flour and milk, then bake in a heavy sauce with ham and bake for 10 minutes.",dacmf_blip_00182__e2,dacmf_blip_00182
,very_low,0.0022,10,fish balls,ingredient,False,o9kndEZvsnY,outputs/annotation/frames/youcook2/o9kndEZvsnY.png,"are paddon noodles with chicken broth, noodles, and fish balls into a broth. Serve with udon noodles and add vegetables.",dacmf_blip_00018__e4,dacmf_blip_00018
,very_high,0.8016,2,butter,ingredient,False,xhXcJ6bhX2w,outputs/annotation/frames/youcook2/xhXcJ6bhX2w.png,"oil macaroni and cook pasta with butter. Combine with butter, evapores, eggs, salt, pepper, and cheeses, then bake for 15 minutes.",dacmf_blip_00372__e4,dacmf_blip_00372
,high,0.4807,12,paneer chilis,ingredient,False,NXnQys_ejeg,outputs/annotation/frames/youcook2/NXnQys_ejeg.png,"are a flavorful rice and vegetable vegetable potused rice made with vegetables, vegetables, and paneer chilis, then add rice and sauce. Serve with sauce on a bowl.",dacmf_blip_00311__e3,dacmf_blip_00311
,high,0.3731,5,leeks,ingredient,False,ffyHeyRpYvo,outputs/annotation/frames/youcook2/ffyHeyRpYvo.png,"ash-on gravy cooked gold potatoes in water and cook saeks. Sautages with leeks, salt, pepper, and pepperings in a sauce until cooked.",dacmf_blip_00247__e7,dacmf_blip_00247
,mid,0.1773,11,brown sauce,ingredient,False,0ShsPjf9shQ,outputs/annotation/frames/youcook2/0ShsPjf9shQ.png,"are a meatloaf mixture by combining oats, breadcrumbs, milk, eggs, garlic powder, Worcestershire sauce, brown sauce, and mustard. Shape into a loaf, then serve on a meat loaf.",dacmf_blip_00416__e8,dacmf_blip_00416
,very_high,0.8435,15,benaise dish,ingredient,True,hLTNXDKU_Pk,outputs/annotation/frames/youcook2/hLTNXDKU_Pk.png," ben eggs are made by boiling hameded eggs with eggs, eggs, and mixing on a hot benaise dish.",dacmf_blip_00303__e6,dacmf_blip_00303
,low,0.073,7,golden whites,attribute,False,4SnAlRlxlFk,outputs/annotation/frames/youcook2/4SnAlRlxlFk.png,"are a dough with flour, cumin seeds, spices, and herbs. Fill potatoes with mixture and herbs, then deep fry until golden whites.",dacmf_blip_00386__e9,dacmf_blip_00386
,low,0.0829,1,mustard,ingredient,False,mNhj7SA7c4g,outputs/annotation/frames/youcook2/mNhj7SA7c4g.png,"auté onion, ginger onion, garlic, and spices in a pan with spices, mustard, and coriander.",dacmf_blip_00076__e5,dacmf_blip_00076
,very_low,0.0469,3,potato batter,ingredient,False,_GTwKEPmB-U,outputs/annotation/frames/youcook2/_GTwKEPmB-U.png,"are a potato batter by mixing potato, flour, egg, and grated potatoes with potato starch, salt, and pepper.",dacmf_blip_00375__e1,dacmf_blip_00375
,very_low,0.0259,7,soy sauce,ingredient,False,m3kFrdCHitg,outputs/annotation/frames/youcook2/m3kFrdCHitg.png," a grilled vegetable sandwich by combining carrots, sugar, vinegar, fish sauce, oil, and soy sauce. Combine with lettuce, onions, chicken, jalapenos, and vegetable mixture between bread.",dacmf_blip_00132__e6,dacmf_blip_00132
,mid,0.25,7,add,action,False,hs2h7nb5PHQ,outputs/annotation/frames/youcook2/hs2h7nb5PHQ.png,"reamed celery, potatoes, onions, and clam juice in butter, then add corn, salt, black pepper, and whisk for a clam meat cooked.",dacmf_blip_00234__e10,dacmf_blip_00234
,low,0.0557,6,salt,ingredient,False,OpURFOTdycE,outputs/annotation/frames/youcook2/OpURFOTdycE.png,"are shred by shreding cabbage, onions, radish, and carrot in a mixture with salt, salt, and salt in a jar. Fill the jar, covering the jar.",dacmf_blip_00110__e5,dacmf_blip_00110
,low,0.0545,4,nuts,ingredient,False,JqjwJIV6pI0,outputs/annotation/frames/youcook2/JqjwJIV6pI0.png,"ir-fry tamole tofu and tofu, then stir fry with radole noodles, eggs, rice noodles, and water. Combine with a sauce mixture, red sauce, leeks, sprouts, and nuts.",dacmf_blip_00135__e10,dacmf_blip_00135
,low,0.1248,2,oregano,ingredient,False,viwpmylgps0,outputs/annotation/frames/youcook2/viwpmylgps0.png,"asted tomato soup by baking and squash with garlic, onions, oreings, oregano, and olive oil. Bake and serve in a sauce sauce with red wine sauce.",dacmf_blip_00103__e6,dacmf_blip_00103
,low,0.135,13,transfer,action,False,sv8jRCmi3Ro,outputs/annotation/frames/youcook2/sv8jRCmi3Ro.png,"are bulgarraaze by baking tomatoes in a mixture of bulgur, bulgur mixture, herbs, parsley, and parsley. Bake in the oven with bulley, oil, then transfer in the plate.",dacmf_blip_00364__e9,dacmf_blip_00364
,mid,0.224,6,peperings,ingredient,True,ffyHeyRpYvo,outputs/annotation/frames/youcook2/ffyHeyRpYvo.png,"ash-on gravy cooked gold potatoes in water and cook saeks. Sautages with leeks, salt, pepper, and pepperings in a sauce until cooked.",dacmf_blip_00247__e10,dacmf_blip_00247
,low,0.1278,15,samosa,ingredient,False,bxgdUWKOwtQ,outputs/annotation/frames/youcook2/bxgdUWKOwtQ.png,"are a dough-iced filling with flour, ghee, and peas, then cook it with stuffing, stuffing to make a flavorful samosa.",dacmf_blip_00414__e8,dacmf_blip_00414
,mid,0.2689,6,dough,ingredient,False,JxCBGlPgr5o,outputs/annotation/frames/youcook2/JxCBGlPgr5o.png,"are a dough by mixing it out with yeast, sugar, egg, and other butter. Top with a burger, top with cheese and cirlces, then assemble with cheese sauce.",dacmf_blip_00005__e1,dacmf_blip_00005
,mid,0.2302,7,lettuce,ingredient,False,05ZSU-5UkXw,outputs/annotation/frames/youcook2/05ZSU-5UkXw.png,"are a Mediterranean salad by combining mint, garlic, sumac, lemon juice, cucumbers, green onions, and feta in a refreshing dressing. Toss over lettuce with dressing, topped with salad.",dacmf_blip_00378__e10,dacmf_blip_00378
,very_low,0.0362,2,onion,ingredient,False,GgM8IIglBLw,outputs/annotation/frames/youcook2/GgM8IIglBLw.png,"auté onion in olive oil with tomatoes, tomatoes, and spices in a flavorful tomato paste. Blend with fresh basil, basil, and garnish with more basil leaves.",dacmf_blip_00227__e1,dacmf_blip_00227
,high,0.4324,15,shrimp,ingredient,False,VmaEuPzlPII,outputs/annotation/frames/youcook2/VmaEuPzlPII.png,"are shrimp-, cook shrimp in a pan, then cook noodles with garlic, snow peas, bead peas, and water. Jar thai noodles, combine with sauce topped with chopped peanuts.",dacmf_blip_00295__e1,dacmf_blip_00295
,mid,0.2209,0,mustard,ingredient,False,f2uDKzq8WM0,outputs/annotation/frames/youcook2/f2uDKzq8WM0.png,"ill sausage dog with vegetables and jalapapeno, cook sausage, mustard, ketchup, mayo, and mayo for a bun.",dacmf_blip_00308__e5,dacmf_blip_00308
,mid,0.1715,4,bell peppers,ingredient,False,x6noOknBPDI,outputs/annotation/frames/youcook2/x6noOknBPDI.png,"inate chicken veggies by marinating chicken, bell peppers, mushrooms, cherry tomato, zucchini, and red onion. Skeilling with sauce and sauce, then grill.",dacmf_blip_00379__e2,dacmf_blip_00379
,high,0.4018,8,chicken broth,ingredient,False,o9kndEZvsnY,outputs/annotation/frames/youcook2/o9kndEZvsnY.png,"are paddon noodles with chicken broth, noodles, and fish balls into a broth. Serve with udon noodles and add vegetables.",dacmf_blip_00018__e2,dacmf_blip_00018
,low,0.0505,4,assemble,action,False,o42iehActZo,outputs/annotation/frames/youcook2/o42iehActZo.png,"are a burger and mayo bun on a top of tomato, two layo, two assemble with ketchup, Ketchup, and onion, then wrap in paper paper on paper and paper.",dacmf_blip_00272__e7,dacmf_blip_00272
,very_low,0.0492,1,oil,ingredient,False,XUyqiWN8WFI,outputs/annotation/frames/youcook2/XUyqiWN8WFI.png,"oil, sweet potatoes, and pepper with milk and pepper. Make a sauce made with diced vegetables, salt, tomato paste, and stock. Bake in the oven.",dacmf_blip_00222__e1,dacmf_blip_00222
,mid,0.1783,2,beef,ingredient,False,tGaAAI3aAUs,outputs/annotation/frames/youcook2/tGaAAI3aAUs.png," seasoned beef beef with vegetables, onions, pase, spices, tomato paste, and tomato paste. Season with ketchup, honey, and sauce before serving with sour cream.",dacmf_blip_00031__e1,dacmf_blip_00031
,very_low,0.0271,1,salt,ingredient,False,U_2DFd2ZMfs,outputs/annotation/frames/youcook2/U_2DFd2ZMfs.png,"oil rice in seasoned water, then saute peas, then add peas, chicken peas, salt, and soy sauce. Cook with soy sauce, then fry for make flavorful chicken sauce.",dacmf_blip_00210__e6,dacmf_blip_00210
,very_high,0.9642,8,mix,action,False,TAXAVvroOgk,outputs/annotation/frames/youcook2/TAXAVvroOgk.png," salad salad by mixing salad dressing with mayonnaise, milk, cream, honey, and raisins.-asted in lettuce to serve over lettuce.",dacmf_blip_00353__e8,dacmf_blip_00353
,mid,0.2019,10,cook,action,False,PTUxCvCz8Bc,outputs/annotation/frames/youcook2/PTUxCvCz8Bc.png,"at chicken wings with flour, garlic, seasonings, salt, and milk. Coat in a mixture until cooked in deep oil towels. Serve over paper towel.",dacmf_blip_00153__e8,dacmf_blip_00153
,very_low,0.0079,5,ginger oil,ingredient,False,lBguj96fa5w,outputs/annotation/frames/youcook2/lBguj96fa5w.png,"are wontons by blending tofu, mash with salt, pepper, garlic, sesame oil, and ginger oil. Cook wontons with egg sauce and boil to make wontons.",dacmf_blip_00410__e7,dacmf_blip_00410
,very_low,0.0382,12,red milk,ingredient,False,woTrhsB_bcA,outputs/annotation/frames/youcook2/woTrhsB_bcA.png,"ry snails with onions, garlic, shrimp, chagoong, and red milk in a creamy milk. Top with coconut milk, bago, black pepper, and spinach.",dacmf_blip_00245__e6,dacmf_blip_00245
,mid,0.2927,1,chicken,ingredient,False,YhevdroG7a4,outputs/annotation/frames/youcook2/YhevdroG7a4.png,"ir-fry chicken, fry with spices, ginger, garlic, turmeric, and tomato water. Mix with water, tomato water, and water for 15 minutes. Serve with cilantro leaves.",dacmf_blip_00398__e1,dacmf_blip_00398
,very_high,0.7249,5,garlic,ingredient,False,woTrhsB_bcA,outputs/annotation/frames/youcook2/woTrhsB_bcA.png,"ry snails with onions, garlic, shrimp, chagoong, and red milk in a creamy milk. Top with coconut milk, bago, black pepper, and spinach.",dacmf_blip_00245__e3,dacmf_blip_00245
,very_high,0.5926,6,sugarers,ingredient,True,yxjnWx6TaQ8,outputs/annotation/frames/youcook2/yxjnWx6TaQ8.png,"oil frankters by mixing flourmeal flour, flour, spices, sugar, sugarers, and milk, then secure frank dogs in batterterstersters.",dacmf_blip_00102__e7,dacmf_blip_00102
,very_low,0.0364,8,form,action,False,88YovCsnMxs,outputs/annotation/frames/youcook2/88YovCsnMxs.png," a a creamy mayonnaise sandwich by layonnaise, two with butter and cheese, then add cheese and bread in a pan, then form in the pan.",dacmf_blip_00062__e7,dacmf_blip_00062
,very_low,0.0139,2,green onions,ingredient,False,qkluMpILLdQ,outputs/annotation/frames/youcook2/qkluMpILLdQ.png,"are a potato potatoes, then simmer with cream, butter, green onions, bacon, and pepper in a pot.",dacmf_blip_00251__e4,dacmf_blip_00251
,very_low,0.0198,14,shrimp,ingredient,False,3meb_5kcPFg,outputs/annotation/frames/youcook2/3meb_5kcPFg.png," shrimp shrimp shrimp, garlic with garlic, peppers, and peppers in a bowl. Skewer with onions and olive oil, then pour with olive oil for a flavorful kabob.",dacmf_blip_00138__e1,dacmf_blip_00138
,low,0.1407,8,oil,ingredient,False,1vJp-jaIaeE,outputs/annotation/frames/youcook2/1vJp-jaIaeE.png,"ausake sausage mix by mixing mixing, water, and shape into thin rods. Fill with sausage rifts, then fry in oil.",dacmf_blip_00184__e8,dacmf_blip_00184
,high,0.3952,1,cook,action,False,oC5OvA4BK-E,outputs/annotation/frames/youcook2/oC5OvA4BK-E.png,"are a flavorful masala-fry a flavorful spices, spices, herbs, and spices. Cook with spices, yogurt, and rice, then sprinkle with vegetables and saffron-used rice leaves.",dacmf_blip_00083__e8,dacmf_blip_00083
,high,0.4405,1,green peppers,ingredient,False,e1gtgMczUwE,outputs/annotation/frames/youcook2/e1gtgMczUwE.png,"are fusilli pasta pasta, black olive tomatoes, black bell peppers, cucumber, green peppers, cheese, and cheese in a bowl. Toss with pasta salad and black pepper.",dacmf_blip_00088__e5,dacmf_blip_00088
,very_low,0.0237,11,chiles,ingredient,False,sGzBQrg1adY,outputs/annotation/frames/youcook2/sGzBQrg1adY.png,"auté spala by sautéing onions, tomatoes, ginger, garlic, chiles, and marsala powder in a pot, cooking chickala, cooking for a flavorful and flavorful dish.",dacmf_blip_00107__e6,dacmf_blip_00107
,very_high,0.8725,7,chicken mixture,ingredient,False,ikmPrpgWQ5M,outputs/annotation/frames/youcook2/ikmPrpgWQ5M.png,"are chicken mixture with spices, coriander powder, cormeric, and tumeric powder into oil. Cook in oil, then cook in oil until done.",dacmf_blip_00118__e1,dacmf_blip_00118
,very_high,0.6604,0,bake,action,False,OEfzgobszUA,outputs/annotation/frames/youcook2/OEfzgobszUA.png," peppers, planté peppers, and cook beef with ground beef, onions, kidney beans, and spices for a oven. Roll with onions, bake with the tortillas, bake, and bake.",dacmf_blip_00137__e10,dacmf_blip_00137
,very_high,0.5789,1,vegetables,ingredient,False,HdVETeyupXE,outputs/annotation/frames/youcook2/HdVETeyupXE.png,"are a savffron water by cooking onions, chilis, tomatoes, and vegetables in a pan, then layer with rice and rice before baking.",dacmf_blip_00299__e5,dacmf_blip_00299
,mid,0.1779,0,toss,action,False,lC8B_Yx6Qzg,outputs/annotation/frames/youcook2/lC8B_Yx6Qzg.png,"are a flavorful cucumber soup by combining diced cucumber, yellow pepper, green onion, parsley, olive oil, garlic, pepper, and sumac. Toss in a mixed vegetable chips, toss with wheat chips, garlic chi",dacmf_blip_00388__e13,dacmf_blip_00388
,mid,0.2096,5,thyme,ingredient,False,RubyHelAHBE,outputs/annotation/frames/youcook2/RubyHelAHBE.png,"at mussels with butter and olive wine, then add white wine, onions, bay leaf, and thyme in a pot. Pour with butter, then pour with the pan.",dacmf_blip_00173__e7,dacmf_blip_00173
,low,0.0926,7,avocado,ingredient,False,BAoQWVV-bh4,outputs/annotation/frames/youcook2/BAoQWVV-bh4.png,"ak rice paper paper by wrapping rice paper, cucumber, avocado, rice, and lettuce in water. Roll secure paper wraps with lettuce paper, roll to make secure dish.",dacmf_blip_00098__e3,dacmf_blip_00098
,very_low,0.0313,2,red cabbage,ingredient,False,vDDeMg2dhEM,outputs/annotation/frames/youcook2/vDDeMg2dhEM.png,"red cabbage, rinse with shiitake, soaked mushrooms, ginger, bean sprouts, and capouts in a wok. Fill with cornstarch, freeze and deep fry in a mixture with corn",dacmf_blip_00013__e1,dacmf_blip_00013
,low,0.0609,7,cucumber,ingredient,False,8CaadFo3sw0,outputs/annotation/frames/youcook2/8CaadFo3sw0.png,"are pork prawn rolls by cooking pork belly with salt, rice noodles, shrimp noodles, and cucumber. Fry in a fried roll, then add hoisin sauce, garlic, butter, and peanut butter.",dacmf_blip_00310__e5,dacmf_blip_00310
,very_low,0.0148,0,hamle soup,ingredient,True,p6LSW9kuRCE,outputs/annotation/frames/youcook2/p6LSW9kuRCE.png," hamle soup by boiling ham, eggs, and tomato slices on cold water, then combine with cucumber, scrambled egg, tomato tomato, and sauce for a flavorful sauce.",dacmf_blip_00119__e1,dacmf_blip_00119
,very_low,0.0096,12,green onions,ingredient,False,05ZSU-5UkXw,outputs/annotation/frames/youcook2/05ZSU-5UkXw.png,"are a Mediterranean salad by combining mint, garlic, sumac, lemon juice, cucumbers, green onions, and feta in a refreshing dressing. Toss over lettuce with dressing, topped with salad.",dacmf_blip_00378__e7,dacmf_blip_00378
,very_low,0.0433,0,chives,ingredient,False,EpNUSTO2BI4,outputs/annotation/frames/youcook2/EpNUSTO2BI4.png,"are escargot and patot under a butter, then paté with butter, chives, salt, pepper, and sherry served in the oven.",dacmf_blip_00163__e5,dacmf_blip_00163
,very_low,0.0019,4,chicken soup,ingredient,False,ucaCmhNo78k,outputs/annotation/frames/youcook2/ucaCmhNo78k.png," hash brown brown mixture with chicken soup, margarine, and colby cheese, then bake in the oven.",dacmf_blip_00389__e2,dacmf_blip_00389
,very_low,0.0179,5,bonito flakes,ingredient,False,lH7pgsnyGrI,outputs/annotation/frames/youcook2/lH7pgsnyGrI.png,"are miso soup by boiling tofu flakes, bonito flakes, then dissolve with miso paste, green onions, and green onions.",dacmf_blip_00190__e3,dacmf_blip_00190
